CREATE TABLE DIR_SESSIONS(
	id			CHAR(32)	CHARACTER SET ascii PRIMARY KEY	COMMENT 'ID',
	a_session	TEXT		NOT NULL						COMMENT '内容'
) ENGINE=InnoDB DEFAULT CHARSET=utf8 COMMENT='セッション保持用';

CREATE TABLE DIR_BATCH_REPORT(
	ID		SMALLINT UNSIGNED	PRIMARY KEY AUTO_INCREMENT	COMMENT 'レポートID',
	NAME	VARCHAR(255)		NOT NULL					COMMENT 'バッチ名',
	STATUS	TINYINT UNSIGNED	NOT NULL DEFAULT 0			COMMENT 'ステータスコード',
	STARTED	TIMESTAMP			NOT NULL					COMMENT '実行開始日時',
	ENDED	TIMESTAMP			NOT NULL					COMMENT '実行終了日時',
	NOTES	TEXT											COMMENT '詳細な報告'
) ENGINE=InnoDB DEFAULT CHARSET=utf8 COMMENT='バッチ処理レポート';

CREATE TABLE DIR_USER_ACCOUNT(
	ID				INTEGER UNSIGNED				PRIMARY KEY 		COMMENT 'ユーザ マスター アカウントID',
	PASSWD			VARCHAR(40) CHARACTER SET ascii	NOT NULL			COMMENT 'マスターパスワード',
	NICKNAME		VARCHAR(255)					NOT NULL			COMMENT 'ニックネーム',
	INTRODUCTION	VARCHAR(255)					NOT NULL DEFAULT ''	COMMENT '自己紹介',
	REGIST_TIME		TIMESTAMP						NOT NULL			COMMENT '登録日時',
	RENEW_TIME		TIMESTAMP						NOT NULL			COMMENT '情報更新日時',
	LOGIN_TIME		TIMESTAMP						NOT NULL			COMMENT '最終ログイン日時',
	LOGIN_COUNT		INTEGER	UNSIGNED				NOT NULL DEFAULT 1	COMMENT 'ログイン回数',
	NOTES			TEXT												COMMENT '備考'
) ENGINE=InnoDB DEFAULT CHARSET=utf8 COMMENT='ユーザ マスター アカウント';

INSERT INTO DIR_USER_ACCOUNT (ID, PASSWD, NICKNAME, INTRODUCTION, REGIST_TIME, RENEW_TIME, LOGIN_TIME) VALUES (
	1, 'raXrEvi4ffDyNnsVwVnWivkmzuY', 'Mc/まく', 'danmaq', '1999-05-01 00:00:00', '1999-05-01 00:00:00', NOW());

CREATE TABLE DIR_USER_EMAIL(
	USER_ID			INTEGER UNSIGNED					NOT NULL				COMMENT 'ユーザ マスター アカウントID',
	EMAIL			VARCHAR(255) CHARACTER SET ascii	NOT NULL UNIQUE			COMMENT 'メールアドレス',
	EMAIL_VALID		VARCHAR(255) CHARACTER SET ascii							COMMENT 'Eメール認証コード',
	NOTIFY_SERVICE	BOOLEAN								NOT NULL DEFAULT FALSE	COMMENT 'サービス内キャンペーンのメール通知有無',
	NOTIFY_ADS		BOOLEAN								NOT NULL DEFAULT FALSE	COMMENT 'その他danmaqの広告宣伝のメール通知有無',
	UNDELIVERABLE	TINYINT UNSIGNED					NOT NULL DEFAULT 0		COMMENT '不達カウント',
	REGIST_TIME		TIMESTAMP							NOT NULL				COMMENT '登録日時',
	PRIMARY KEY(USER_ID, EMAIL),
	FOREIGN KEY (USER_ID) REFERENCES DIR_USER_ACCOUNT(ID) ON UPDATE CASCADE ON DELETE CASCADE
) ENGINE=InnoDB DEFAULT CHARSET=utf8 COMMENT='ユーザ マスター アカウントのメール情報';

INSERT INTO DIR_USER_EMAIL (USER_ID, EMAIL, NOTIFY_SERVICE, NOTIFY_ADS) VALUES (1, 'info@danmaq.com', TRUE, TRUE);

CREATE TABLE DIR_PUBLISHER(
	USER_ID		INTEGER UNSIGNED					PRIMARY KEY			COMMENT 'ユーザ マスター アカウントID',
	CO_NAME		VARCHAR(255)						NOT NULL			COMMENT '会社名・団体名',
	HEAD_NAME	VARCHAR(255)						NOT NULL			COMMENT '代表者名',
	URL			VARCHAR(255) CHARACTER SET ascii	NOT NULL			COMMENT 'WebページURL',
	COMMISSION	TINYINT	UNSIGNED					NOT NULL DEFAULT 0	COMMENT '権限レベル',
	REGIST_TIME	TIMESTAMP							NOT NULL			COMMENT '登録日時',
	NOTES		TEXT													COMMENT '備考',
	FOREIGN KEY (USER_ID) REFERENCES DIR_USER_ACCOUNT(ID) ON UPDATE CASCADE ON DELETE CASCADE
) ENGINE=InnoDB DEFAULT CHARSET=utf8 COMMENT='ゲームパブリッシャー';

INSERT INTO DIR_PUBLISHER (USER_ID, CO_NAME, HEAD_NAME, URL, COMMISSION, REGIST_TIME) VALUES (
	1, 'danmaq', '野村 周平', 'http://danmaq.com/', 255, '1999-05-01 00:00:00');

CREATE TABLE DIR_GAME(
	ID			SMALLINT UNSIGNED					PRIMARY KEY AUTO_INCREMENT	COMMENT 'ゲームID',
	PUB_ID		INTEGER UNSIGNED					NOT NULL					COMMENT 'パブリッシャー ユーザ マスター アカウントID',
	DEVCODE		VARCHAR(255) CHARACTER SET ascii	NOT NULL UNIQUE				COMMENT '固有コード',
	TITLE		VARCHAR(255)						NOT NULL					COMMENT 'タイトル',
	VALIDATOR	VARCHAR(255) CHARACTER SET ascii	NOT NULL					COMMENT '検証URL',
	REG_BROWSER	BOOLEAN								NOT NULL DEFAULT TRUE		COMMENT 'Webブラウザから登録可能かどうか',
	SCORENAME0	VARCHAR(255)						NOT NULL DEFAULT ''			COMMENT 'スコア名称',
	SCORENAME1	VARCHAR(255)						NOT NULL DEFAULT ''			COMMENT 'スコア名称',
	SCORENAME2	VARCHAR(255)						NOT NULL DEFAULT ''			COMMENT 'スコア名称',
	SCORENAME3	VARCHAR(255)						NOT NULL DEFAULT ''			COMMENT 'スコア名称',
	SCORENAME4	VARCHAR(255)						NOT NULL DEFAULT ''			COMMENT 'スコア名称',
	SCORENAME5	VARCHAR(255)						NOT NULL DEFAULT ''			COMMENT 'スコア名称',
	SCORENAME6	VARCHAR(255)						NOT NULL DEFAULT ''			COMMENT 'スコア名称',
	SCORENAME7	VARCHAR(255)						NOT NULL DEFAULT ''			COMMENT 'スコア名称',
	REGIST_TIME	TIMESTAMP							NOT NULL					COMMENT '登録日時',
	NOTES		TEXT															COMMENT '備考',
	FOREIGN KEY (PUB_ID) REFERENCES DIR_PUBLISHER(USER_ID) ON UPDATE CASCADE ON DELETE CASCADE
) ENGINE=InnoDB DEFAULT CHARSET=utf8 COMMENT='対象ゲーム';

INSERT INTO DIR_GAME (PUB_ID, DEVCODE, TITLE, VALIDATOR, SCORENAME0, SCORENAME1, SCORENAME2, SCORENAME3, SCORENAME4, REG_BROWSER, REGIST_TIME) VALUES (1, 'MK_B1',		'MAKIWARI-2K beta1',		'http://ir.danmaq.com/validator/nph-mk_b1.cgi',		'総合得点', '',						'',				'',				'',			TRUE,	'1999-08-12 03:58:00');
INSERT INTO DIR_GAME (PUB_ID, DEVCODE, TITLE, VALIDATOR, SCORENAME0, SCORENAME1, SCORENAME2, SCORENAME3, SCORENAME4, REG_BROWSER, REGIST_TIME) VALUES (1, 'MK_B2',		'Mk-IIK beta2',				'http://ir.danmaq.com/validator/nph-mk_b2.cgi',		'総合得点',	'割った薪の数',			'MAXコンボ数',	'',				'',			TRUE,	'1999-12-06 02:12:18');
INSERT INTO DIR_GAME (PUB_ID, DEVCODE, TITLE, VALIDATOR, SCORENAME0, SCORENAME1, SCORENAME2, SCORENAME3, SCORENAME4, REG_BROWSER, REGIST_TIME) VALUES (1, 'CHOPPIN',	'牛チョップ',				'http://ir.danmaq.com/validator/nph-choppin.cgi',	'総合得点',	'牛チョップボーナス',	'牛チョップ数',	'基本スコア',	'危険度',	TRUE,	'2000-03-09 22:54:28');
INSERT INTO DIR_GAME (PUB_ID, DEVCODE, TITLE, VALIDATOR, SCORENAME0, SCORENAME1, SCORENAME2, SCORENAME3, SCORENAME4, REG_BROWSER, REGIST_TIME) VALUES (1, 'BALL',		'赤い玉 青い玉 競走ゲーム',	'http://ir.danmaq.com/validator/nph-ball.cgi',		'総合得点',	'レベル',				'勝利',			'',				'',			FALSE,	NOW());

CREATE TABLE DIR_GAME_ACCOUNT(
	ID				INTEGER UNSIGNED				NOT NULL UNIQUE		COMMENT 'ゲームアカウントID',
	USER_ID			INTEGER UNSIGNED				NOT NULL			COMMENT 'ユーザ マスター アカウントID',
	GAME_ID			SMALLINT UNSIGNED				NOT NULL			COMMENT 'ゲームID',
	PASSWD			VARCHAR(40) CHARACTER SET ascii	NOT NULL			COMMENT 'ゲームパスワード',
	NICKNAME		VARCHAR(255)					NOT NULL			COMMENT 'ゲーム用ニックネーム',
	INTRODUCTION	VARCHAR(255)					NOT NULL			COMMENT '自己紹介',
	REGIST_TIME		TIMESTAMP						NOT NULL			COMMENT '登録日時',
	RENEW_TIME		TIMESTAMP						NOT NULL			COMMENT '最終更新日時',
	LOGIN_TIME		TIMESTAMP						NOT NULL			COMMENT '最終ログイン日時',
	LOGIN_COUNT		INTEGER	UNSIGNED				NOT NULL DEFAULT 1	COMMENT 'ログイン回数',
	NOTES			TEXT												COMMENT '備考',
	PRIMARY KEY(USER_ID, GAME_ID),
	FOREIGN KEY (USER_ID) REFERENCES DIR_USER_ACCOUNT(ID) ON UPDATE CASCADE ON DELETE CASCADE,
	FOREIGN KEY (GAME_ID) REFERENCES DIR_GAME(ID) ON UPDATE CASCADE ON DELETE CASCADE
) ENGINE=InnoDB DEFAULT CHARSET=utf8 COMMENT='ゲーム用アカウント';

CREATE TABLE DIR_RIVAL(
	GACCOUNT_ID		INTEGER UNSIGNED	NOT NULL	COMMENT 'ゲームアカウントID',
	RIVAL_ID		INTEGER UNSIGNED	NOT NULL	COMMENT 'ライバルID',
	INTRODUCTION	VARCHAR(255)		NOT NULL	COMMENT '紹介文',
	REGIST_TIME		TIMESTAMP			NOT NULL	COMMENT '登録日時',
	PRIMARY KEY(GACCOUNT_ID, RIVAL_ID),
	FOREIGN KEY (GACCOUNT_ID) REFERENCES DIR_GAME_ACCOUNT(ID) ON UPDATE CASCADE ON DELETE CASCADE,
	FOREIGN KEY (RIVAL_ID) REFERENCES DIR_GAME_ACCOUNT(ID) ON UPDATE CASCADE ON DELETE CASCADE
) ENGINE=InnoDB DEFAULT CHARSET=utf8 COMMENT='ライバル一覧';

CREATE TABLE DIR_SCORE(
	ID			INTEGER UNSIGNED					PRIMARY KEY AUTO_INCREMENT		COMMENT 'スコアID',
	GACCOUNT_ID	INTEGER UNSIGNED					NOT NULL						COMMENT 'ゲームアカウントID',
	PASSWD		VARCHAR(255) CHARACTER SET ascii	NOT NULL						COMMENT 'スコア登録パスワード',
	SCORE0		BIGINT UNSIGNED						NOT NULL DEFAULT 0				COMMENT 'スコア',
	SCORE1		BIGINT UNSIGNED						NOT NULL DEFAULT 0				COMMENT 'スコア',
	SCORE2		BIGINT UNSIGNED						NOT NULL DEFAULT 0				COMMENT 'スコア',
	SCORE3		BIGINT 								NOT NULL DEFAULT 0				COMMENT 'スコア',
	SCORE4		BIGINT 								NOT NULL DEFAULT 0				COMMENT 'スコア',
	SCORE5		INTEGER 							NOT NULL DEFAULT 0				COMMENT 'スコア',
	SCORE6		INTEGER 							NOT NULL DEFAULT 0				COMMENT 'スコア',
	SCORE7		INTEGER 							NOT NULL DEFAULT 0				COMMENT 'スコア',
	INJUSTICE	BOOLEAN								NOT NULL DEFAULT FALSE			COMMENT '不正フラグ',
	WITHDRAW	BOOLEAN								NOT NULL DEFAULT FALSE			COMMENT '非公開フラグ',
	REGIST_TIME	TIMESTAMP							NOT NULL						COMMENT '登録日時',
	REMOTE_ADDR	VARCHAR(15) CHARACTER SET ascii		NOT NULL DEFAULT '127.0.0.1'	COMMENT 'リモートIPアドレス',
	REMOTE_HOST	VARCHAR(255) CHARACTER SET ascii									COMMENT 'リモートホスト',
	USER_AGENT	TEXT CHARACTER SET ascii											COMMENT 'ユーザエージェント',
	NOTES		TEXT																COMMENT '備考',
	FOREIGN KEY (GACCOUNT_ID) REFERENCES DIR_GAME_ACCOUNT(ID) ON UPDATE CASCADE ON DELETE CASCADE
) ENGINE=InnoDB DEFAULT CHARSET=utf8 COMMENT='スコア一覧';

CREATE TABLE DIR_ACCESS(
	ID				INTEGER UNSIGNED					PRIMARY KEY AUTO_INCREMENT		COMMENT '履歴ID',
	USER_ID			INTEGER UNSIGNED					NOT NULL						COMMENT 'ユーザ マスター アカウントID',
	PAGE_NAME		VARCHAR(255) CHARACTER SET ascii	NOT NULL						COMMENT 'ページ名',
	PAGE_NUMBER		INTEGER																COMMENT 'ページ番号',
	REFERER			TEXT CHARACTER SET ascii											COMMENT '前回表示したURL',
	CREATE_TIME		TIMESTAMP							NOT NULL						COMMENT '作成日時',
	REMOTE_ADDR		VARCHAR(15) CHARACTER SET ascii		NOT NULL DEFAULT '127.0.0.1'	COMMENT 'リモートIPアドレス',
	REMOTE_HOST		VARCHAR(255) CHARACTER SET ascii									COMMENT 'リモートホスト',
	USER_AGENT		TEXT CHARACTER SET ascii											COMMENT 'ユーザエージェント',
	NOTES			TEXT																COMMENT '備考'
	-- USER_IDはゲストの場合0になるので外部キー設定はしない
) ENGINE=InnoDB DEFAULT CHARSET=utf8 COMMENT='アクセス履歴';

CREATE TABLE DIR_SCORE_SORT(
	ID			INTEGER UNSIGNED	PRIMARY KEY 			COMMENT 'ソートID',
	GAME_ID		SMALLINT UNSIGNED	NOT NULL				COMMENT 'ゲームID',
	CAPTION		VARCHAR(255)		NOT NULL				COMMENT '名前',
	VIEW0		BOOLEAN				NOT NULL DEFAULT TRUE	COMMENT '公開フラグ',
	VIEW1		BOOLEAN				NOT NULL DEFAULT FALSE	COMMENT '公開フラグ',
	VIEW2		BOOLEAN				NOT NULL DEFAULT FALSE	COMMENT '公開フラグ',
	VIEW3		BOOLEAN				NOT NULL DEFAULT FALSE	COMMENT '公開フラグ',
	VIEW4		BOOLEAN				NOT NULL DEFAULT FALSE	COMMENT '公開フラグ',
	VIEW5		BOOLEAN				NOT NULL DEFAULT FALSE	COMMENT '公開フラグ',
	VIEW6		BOOLEAN				NOT NULL DEFAULT FALSE	COMMENT '公開フラグ',
	VIEW7		BOOLEAN				NOT NULL DEFAULT FALSE	COMMENT '公開フラグ',
	TOP_LIST	BOOLEAN				NOT NULL DEFAULT FALSE	COMMENT 'TOPページにリスト表示するかどうか',
	FOREIGN KEY (GAME_ID) REFERENCES DIR_GAME(ID) ON UPDATE CASCADE ON DELETE CASCADE
) ENGINE=InnoDB DEFAULT CHARSET=utf8 COMMENT='スコア絞込・並替条件';

INSERT INTO DIR_SCORE_SORT (ID, GAME_ID, CAPTION, VIEW0, VIEW1, VIEW2, VIEW3, VIEW4, TOP_LIST) VALUES (1,	1, '総合スコア',			TRUE, FALSE,	FALSE,	FALSE,	FALSE,	TRUE);
INSERT INTO DIR_SCORE_SORT (ID, GAME_ID, CAPTION, VIEW0, VIEW1, VIEW2, VIEW3, VIEW4, TOP_LIST) VALUES (2,	2, '総合スコア',			TRUE, TRUE,		TRUE,	TRUE,	FALSE,	TRUE);
INSERT INTO DIR_SCORE_SORT (ID, GAME_ID, CAPTION, VIEW0, VIEW1, VIEW2, VIEW3, VIEW4, TOP_LIST) VALUES (3,	2, 'コンボ数ランキング',	TRUE, TRUE,		TRUE,	TRUE,	FALSE,	FALSE);
INSERT INTO DIR_SCORE_SORT (ID, GAME_ID, CAPTION, VIEW0, VIEW1, VIEW2, VIEW3, VIEW4, TOP_LIST) VALUES (4,	2, '薪割りランキング',		TRUE, TRUE,		TRUE,	TRUE,	FALSE,	FALSE);
INSERT INTO DIR_SCORE_SORT (ID, GAME_ID, CAPTION, VIEW0, VIEW1, VIEW2, VIEW3, VIEW4, TOP_LIST) VALUES (5,	3, '総合スコア',			TRUE, TRUE,		TRUE,	TRUE,	TRUE,	TRUE);
INSERT INTO DIR_SCORE_SORT (ID, GAME_ID, CAPTION, VIEW0, VIEW1, VIEW2, VIEW3, VIEW4, TOP_LIST) VALUES (6,	3, 'チョップ数ランキング',	TRUE, TRUE,		TRUE,	TRUE,	TRUE,	FALSE);
INSERT INTO DIR_SCORE_SORT (ID, GAME_ID, CAPTION, VIEW0, VIEW1, VIEW2, VIEW3, VIEW4, TOP_LIST) VALUES (7,	3, '危険度ランキング',		TRUE, TRUE,		TRUE,	TRUE,	TRUE,	FALSE);
INSERT INTO DIR_SCORE_SORT (ID, GAME_ID, CAPTION, VIEW0, VIEW1, VIEW2, VIEW3, VIEW4, TOP_LIST) VALUES (8,	4, '総合スコア',			TRUE, TRUE,		TRUE,	TRUE,	FALSE,	TRUE);
INSERT INTO DIR_SCORE_SORT (ID, GAME_ID, CAPTION, VIEW0, VIEW1, VIEW2, VIEW3, VIEW4, TOP_LIST) VALUES (9,	4, 'LEVEL 1',				TRUE, TRUE,		TRUE,	TRUE,	FALSE,	TRUE);
INSERT INTO DIR_SCORE_SORT (ID, GAME_ID, CAPTION, VIEW0, VIEW1, VIEW2, VIEW3, VIEW4, TOP_LIST) VALUES (10,	4, 'LEVEL 2',				TRUE, TRUE,		TRUE,	TRUE,	FALSE,	TRUE);
INSERT INTO DIR_SCORE_SORT (ID, GAME_ID, CAPTION, VIEW0, VIEW1, VIEW2, VIEW3, VIEW4, TOP_LIST) VALUES (11,	4, 'LEVEL 3',				TRUE, TRUE,		TRUE,	TRUE,	FALSE,	TRUE);
INSERT INTO DIR_SCORE_SORT (ID, GAME_ID, CAPTION, VIEW0, VIEW1, VIEW2, VIEW3, VIEW4, TOP_LIST) VALUES (12,	4, 'LEVEL 4',				TRUE, TRUE,		TRUE,	TRUE,	FALSE,	TRUE);
INSERT INTO DIR_SCORE_SORT (ID, GAME_ID, CAPTION, VIEW0, VIEW1, VIEW2, VIEW3, VIEW4, TOP_LIST) VALUES (13,	4, 'LEVEL 5',				TRUE, TRUE,		TRUE,	TRUE,	FALSE,	TRUE);
INSERT INTO DIR_SCORE_SORT (ID, GAME_ID, CAPTION, VIEW0, VIEW1, VIEW2, VIEW3, VIEW4, TOP_LIST) VALUES (14,	4, 'LEVEL 6',				TRUE, TRUE,		TRUE,	TRUE,	FALSE,	TRUE);
INSERT INTO DIR_SCORE_SORT (ID, GAME_ID, CAPTION, VIEW0, VIEW1, VIEW2, VIEW3, VIEW4, TOP_LIST) VALUES (15,	4, 'LEVEL 7',				TRUE, TRUE,		TRUE,	TRUE,	FALSE,	TRUE);
INSERT INTO DIR_SCORE_SORT (ID, GAME_ID, CAPTION, VIEW0, VIEW1, VIEW2, VIEW3, VIEW4, TOP_LIST) VALUES (16,	4, 'LEVEL 8',				TRUE, TRUE,		TRUE,	TRUE,	FALSE,	TRUE);
INSERT INTO DIR_SCORE_SORT (ID, GAME_ID, CAPTION, VIEW0, VIEW1, VIEW2, VIEW3, VIEW4, TOP_LIST) VALUES (17,	4, 'LEVEL 9',				TRUE, TRUE,		TRUE,	TRUE,	FALSE,	TRUE);

CREATE TABLE DIR_SCORE_SORT_LIMIT(
	ID			INTEGER UNSIGNED	PRIMARY KEY 				COMMENT '絞込ID',
	SORT_ID		INTEGER UNSIGNED	NOT NULL					COMMENT 'ソートID',
	SCORE_COL	TINYINT UNSIGNED	NOT NULL					COMMENT '対象カラム',
	BORDER		BIGINT				NOT NULL DEFAULT 0			COMMENT '閾値',
	LESS		BOOLEAN				NOT NULL DEFAULT TRUE		COMMENT '閾値以下を許容するかどうか',
	MORE		BOOLEAN				NOT NULL DEFAULT TRUE		COMMENT '閾値以上を許容するかどうか',
	GAP			BIGINT UNSIGNED		NOT NULL DEFAULT 214748647	COMMENT '許容誤差',
	FOREIGN KEY (SORT_ID) REFERENCES DIR_SCORE_SORT(ID) ON UPDATE CASCADE ON DELETE CASCADE
) ENGINE=InnoDB DEFAULT CHARSET=utf8 COMMENT='スコア絞込条件アイテム';

INSERT INTO DIR_SCORE_SORT_LIMIT (ID, SORT_ID, SCORE_COL, BORDER, LESS, MORE, GAP) VALUES (1, 9,		1, 0, FALSE, FALSE, 0);
INSERT INTO DIR_SCORE_SORT_LIMIT (ID, SORT_ID, SCORE_COL, BORDER, LESS, MORE, GAP) VALUES (2, 10,	1, 1, FALSE, FALSE, 0);
INSERT INTO DIR_SCORE_SORT_LIMIT (ID, SORT_ID, SCORE_COL, BORDER, LESS, MORE, GAP) VALUES (3, 11,	1, 2, FALSE, FALSE, 0);
INSERT INTO DIR_SCORE_SORT_LIMIT (ID, SORT_ID, SCORE_COL, BORDER, LESS, MORE, GAP) VALUES (4, 12,	1, 3, FALSE, FALSE, 0);
INSERT INTO DIR_SCORE_SORT_LIMIT (ID, SORT_ID, SCORE_COL, BORDER, LESS, MORE, GAP) VALUES (5, 13,	1, 4, FALSE, FALSE, 0);
INSERT INTO DIR_SCORE_SORT_LIMIT (ID, SORT_ID, SCORE_COL, BORDER, LESS, MORE, GAP) VALUES (6, 14,	1, 5, FALSE, FALSE, 0);
INSERT INTO DIR_SCORE_SORT_LIMIT (ID, SORT_ID, SCORE_COL, BORDER, LESS, MORE, GAP) VALUES (7, 15,	1, 6, FALSE, FALSE, 0);
INSERT INTO DIR_SCORE_SORT_LIMIT (ID, SORT_ID, SCORE_COL, BORDER, LESS, MORE, GAP) VALUES (8, 16,	1, 7, FALSE, FALSE, 0);
INSERT INTO DIR_SCORE_SORT_LIMIT (ID, SORT_ID, SCORE_COL, BORDER, LESS, MORE, GAP) VALUES (9, 17,	1, 8, FALSE, FALSE, 0);

CREATE TABLE DIR_SCORE_SORT_ORDER(
	ID			INTEGER UNSIGNED	PRIMARY KEY			COMMENT '並替ID',
	SORT_ID		INTEGER UNSIGNED	NOT NULL			COMMENT 'ソートID',
	SCORE_COL	TINYINT UNSIGNED	NOT NULL			COMMENT '対象カラム',
	RANK_ORDER	TINYINT				NOT NULL DEFAULT 1	COMMENT '初期状態のソート順序',
	FOREIGN KEY (SORT_ID) REFERENCES DIR_SCORE_SORT(ID) ON UPDATE CASCADE ON DELETE CASCADE
) ENGINE=InnoDB DEFAULT CHARSET=utf8 COMMENT='スコア並替条件アイテム';

INSERT INTO DIR_SCORE_SORT_ORDER (ID, SORT_ID, SCORE_COL, RANK_ORDER) VALUES (1,	1,	0, 1);
INSERT INTO DIR_SCORE_SORT_ORDER (ID, SORT_ID, SCORE_COL, RANK_ORDER) VALUES (2,	2,	0, 1);
INSERT INTO DIR_SCORE_SORT_ORDER (ID, SORT_ID, SCORE_COL, RANK_ORDER) VALUES (3,	2,	2, 1);
INSERT INTO DIR_SCORE_SORT_ORDER (ID, SORT_ID, SCORE_COL, RANK_ORDER) VALUES (4,	2,	1, 1);
INSERT INTO DIR_SCORE_SORT_ORDER (ID, SORT_ID, SCORE_COL, RANK_ORDER) VALUES (5,	3,	2, 1);
INSERT INTO DIR_SCORE_SORT_ORDER (ID, SORT_ID, SCORE_COL, RANK_ORDER) VALUES (6,	3,	0, 1);
INSERT INTO DIR_SCORE_SORT_ORDER (ID, SORT_ID, SCORE_COL, RANK_ORDER) VALUES (7,	3,	1, 1);
INSERT INTO DIR_SCORE_SORT_ORDER (ID, SORT_ID, SCORE_COL, RANK_ORDER) VALUES (8,	4,	1, 1);
INSERT INTO DIR_SCORE_SORT_ORDER (ID, SORT_ID, SCORE_COL, RANK_ORDER) VALUES (9,	4,	0, 1);
INSERT INTO DIR_SCORE_SORT_ORDER (ID, SORT_ID, SCORE_COL, RANK_ORDER) VALUES (10,	4,	2, 1);
INSERT INTO DIR_SCORE_SORT_ORDER (ID, SORT_ID, SCORE_COL, RANK_ORDER) VALUES (11,	5,	0, 1);
INSERT INTO DIR_SCORE_SORT_ORDER (ID, SORT_ID, SCORE_COL, RANK_ORDER) VALUES (12,	5,	1, 1);
INSERT INTO DIR_SCORE_SORT_ORDER (ID, SORT_ID, SCORE_COL, RANK_ORDER) VALUES (13,	5,	3, 1);
INSERT INTO DIR_SCORE_SORT_ORDER (ID, SORT_ID, SCORE_COL, RANK_ORDER) VALUES (14,	5,	4, 1);
INSERT INTO DIR_SCORE_SORT_ORDER (ID, SORT_ID, SCORE_COL, RANK_ORDER) VALUES (15,	6,	2, 1);
INSERT INTO DIR_SCORE_SORT_ORDER (ID, SORT_ID, SCORE_COL, RANK_ORDER) VALUES (16,	6,	0, 1);
INSERT INTO DIR_SCORE_SORT_ORDER (ID, SORT_ID, SCORE_COL, RANK_ORDER) VALUES (17,	6,	1, 1);
INSERT INTO DIR_SCORE_SORT_ORDER (ID, SORT_ID, SCORE_COL, RANK_ORDER) VALUES (18,	6,	4, 1);
INSERT INTO DIR_SCORE_SORT_ORDER (ID, SORT_ID, SCORE_COL, RANK_ORDER) VALUES (19,	7,	4, 1);
INSERT INTO DIR_SCORE_SORT_ORDER (ID, SORT_ID, SCORE_COL, RANK_ORDER) VALUES (20,	7,	0, 1);
INSERT INTO DIR_SCORE_SORT_ORDER (ID, SORT_ID, SCORE_COL, RANK_ORDER) VALUES (21,	7,	1, 1);
INSERT INTO DIR_SCORE_SORT_ORDER (ID, SORT_ID, SCORE_COL, RANK_ORDER) VALUES (22,	7,	3, 1);
INSERT INTO DIR_SCORE_SORT_ORDER (ID, SORT_ID, SCORE_COL, RANK_ORDER) VALUES (23,	8,	0, 1);
INSERT INTO DIR_SCORE_SORT_ORDER (ID, SORT_ID, SCORE_COL, RANK_ORDER) VALUES (24,	8,	1, 1);
INSERT INTO DIR_SCORE_SORT_ORDER (ID, SORT_ID, SCORE_COL, RANK_ORDER) VALUES (25,	8,	2, 1);
INSERT INTO DIR_SCORE_SORT_ORDER (ID, SORT_ID, SCORE_COL, RANK_ORDER) VALUES (26,	9,	0, 1);
INSERT INTO DIR_SCORE_SORT_ORDER (ID, SORT_ID, SCORE_COL, RANK_ORDER) VALUES (27,	9,	1, 1);
INSERT INTO DIR_SCORE_SORT_ORDER (ID, SORT_ID, SCORE_COL, RANK_ORDER) VALUES (28,	9,	2, 1);
INSERT INTO DIR_SCORE_SORT_ORDER (ID, SORT_ID, SCORE_COL, RANK_ORDER) VALUES (29,	10,	0, 1);
INSERT INTO DIR_SCORE_SORT_ORDER (ID, SORT_ID, SCORE_COL, RANK_ORDER) VALUES (30,	10,	1, 1);
INSERT INTO DIR_SCORE_SORT_ORDER (ID, SORT_ID, SCORE_COL, RANK_ORDER) VALUES (31,	10,	2, 1);
INSERT INTO DIR_SCORE_SORT_ORDER (ID, SORT_ID, SCORE_COL, RANK_ORDER) VALUES (32,	11,	0, 1);
INSERT INTO DIR_SCORE_SORT_ORDER (ID, SORT_ID, SCORE_COL, RANK_ORDER) VALUES (33,	11,	1, 1);
INSERT INTO DIR_SCORE_SORT_ORDER (ID, SORT_ID, SCORE_COL, RANK_ORDER) VALUES (34,	11,	2, 1);
INSERT INTO DIR_SCORE_SORT_ORDER (ID, SORT_ID, SCORE_COL, RANK_ORDER) VALUES (35,	12,	0, 1);
INSERT INTO DIR_SCORE_SORT_ORDER (ID, SORT_ID, SCORE_COL, RANK_ORDER) VALUES (36,	12,	1, 1);
INSERT INTO DIR_SCORE_SORT_ORDER (ID, SORT_ID, SCORE_COL, RANK_ORDER) VALUES (37,	12,	2, 1);
INSERT INTO DIR_SCORE_SORT_ORDER (ID, SORT_ID, SCORE_COL, RANK_ORDER) VALUES (38,	13,	0, 1);
INSERT INTO DIR_SCORE_SORT_ORDER (ID, SORT_ID, SCORE_COL, RANK_ORDER) VALUES (39,	13,	1, 1);
INSERT INTO DIR_SCORE_SORT_ORDER (ID, SORT_ID, SCORE_COL, RANK_ORDER) VALUES (40,	13,	2, 1);
INSERT INTO DIR_SCORE_SORT_ORDER (ID, SORT_ID, SCORE_COL, RANK_ORDER) VALUES (41,	14,	0, 1);
INSERT INTO DIR_SCORE_SORT_ORDER (ID, SORT_ID, SCORE_COL, RANK_ORDER) VALUES (42,	14,	1, 1);
INSERT INTO DIR_SCORE_SORT_ORDER (ID, SORT_ID, SCORE_COL, RANK_ORDER) VALUES (43,	14,	2, 1);
INSERT INTO DIR_SCORE_SORT_ORDER (ID, SORT_ID, SCORE_COL, RANK_ORDER) VALUES (44,	15,	0, 1);
INSERT INTO DIR_SCORE_SORT_ORDER (ID, SORT_ID, SCORE_COL, RANK_ORDER) VALUES (45,	15,	1, 1);
INSERT INTO DIR_SCORE_SORT_ORDER (ID, SORT_ID, SCORE_COL, RANK_ORDER) VALUES (46,	15,	2, 1);
INSERT INTO DIR_SCORE_SORT_ORDER (ID, SORT_ID, SCORE_COL, RANK_ORDER) VALUES (47,	16,	0, 1);
INSERT INTO DIR_SCORE_SORT_ORDER (ID, SORT_ID, SCORE_COL, RANK_ORDER) VALUES (48,	16,	1, 1);
INSERT INTO DIR_SCORE_SORT_ORDER (ID, SORT_ID, SCORE_COL, RANK_ORDER) VALUES (49,	16,	2, 1);
